<?xml version="1.0" encoding="UTF-8"?>
<templates id="template" xml:space="preserve">
    <t t-inherit="point_of_sale.OrderReceipt" t-inherit-mode="extension" owl="1">
        <xpath expr="//div[hasclass('responsive-price')]/div[hasclass('pos-receipt-left-padding')]" position="replace">
            <div class="pos-receipt-left-padding" style="display: inline-flex;font-size:12px;">
<!--                <span>Amount/كمية:</span>-->
<!--                <span t-esc="env.pos.format_currency_no_symbol(line.price_without_tax)" style="margin-left: 5px"/>(-->
<!--                <span>Taxes/الضرائب:</span>-->
<!--                <span t-esc="env.pos.format_currency_no_symbol(line.tax)" style="margin-left: 5px"/>)-->
                </div>
            <span style="font-size:12px">Amount/كمية:</span>
            <span t-esc="env.pos.format_currency_no_symbol(line.price_without_tax)" style="margin-left: 5px;font-size:12px"/>(
            <span style="font-size:12px">Taxes/الضرائب:</span>
            <span t-esc="env.pos.format_currency_no_symbol(line.tax)" style="margin-left: 5px;font-size:12px"/>)
         </xpath>
        <xpath expr="//t[@t-if='receipt.is_gcc_country']//div[hasclass('responsive-price')]"
               position="replace">
            <div class="responsive-price">
                    <div class="pos-receipt-left-padding" style="display: inline-flex;">
                        <div t-translation="off">Taxes/الضرائب</div>:
                        <span t-esc="env.pos.format_currency_no_symbol(line.tax)" style="margin-left: 5px"/>
                    </div>
                <span style="font-size:12px;">Amount/كمية:</span>
                <span t-esc="env.pos.format_currency_no_symbol(line.price_without_tax)" style="margin-left: 5px;font-size:12px;"/>(
                <span style="font-size:12px;">Taxes/الضرائب:</span>
                <span t-esc="env.pos.format_currency_no_symbol(line.tax)" style="margin-left: 5px;font-size:12px;"/>)
                <span t-esc="env.pos.format_currency_no_symbol(line.price_display)"
                      class="price_display pos-receipt-right-align"/>
                </div>
<!--            <div class="pos-receipt-left-padding" style="display: inline-flex;">-->
<!--                <span>Amount/كمية:</span>-->
<!--                <span t-esc="env.pos.format_currency_no_symbol(line.price_without_tax)" style="margin-left: 5px"/>(-->
<!--                <span>Taxes/الضرائب:</span>-->
<!--                <span t-esc="env.pos.format_currency_no_symbol(line.tax)" style="margin-left: 5px"/>)-->
<!--            </div>-->
        </xpath>
        <xpath expr="//div[hasclass('pos-receipt-contact')]" position="replace">
            <div class="pos-receipt-contact">
                <t t-if="receipt.company.contact_address">
                    <div style="font-size:15px"><t t-esc="receipt.company.contact_address" /></div>
                </t>
                <t t-if="receipt.company.phone">
                    <div style="font-size:18px">Tel:<t t-esc="receipt.company.phone" /></div>
                </t>
                <t t-if="receipt.company.vat">
                    <div style="font-size:18px"><t t-esc="receipt.company.vat_label"/>:<t t-esc="receipt.company.vat" /></div>
                </t>
                <t t-if="receipt.company.email">
                    <div style="font-size:18px"><t t-esc="receipt.company.email" /></div>
                </t>
                <t t-if="receipt.company.website">
                    <div style="font-size:18px"><t t-esc="receipt.company.website" /></div>
                </t>
                <t t-if="receipt.header_html">
                    <t t-raw="receipt.header_html"/>
                </t>
                <t t-if="!receipt.header_html and receipt.header">
                    <div style="white-space:pre-line"><t t-esc="receipt.header" /></div>
                </t>
                <t t-if="receipt.cashier">
                    <div class="cashier">
                        <div>--------------------------------</div>
                        <div>Served by <t t-esc="receipt.cashier" /></div>
                    </div>
                </t>
            </div>
         </xpath>
    </t>
</templates>