<?xml version="1.0" encoding="UTF-8"?>
<templates id="template" xml:space="preserve">
    <t t-inherit="point_of_sale.OrderReceipt" t-inherit-mode="extension" owl="1">
        <xpath expr="//div[hasclass('responsive-price')]/div[hasclass('pos-receipt-left-padding')]" position="replace">
            <div class="pos-receipt-left-padding" style="display: inline-flex;font-size:12px;">
<!--                <span>Amount/كمية:</span>-->
<!--                <span t-esc="env.pos.format_currency_no_symbol(line.price_without_tax)" style="margin-left: 5px"/>(-->
<!--                <span>Taxes/الضرائب:</span>-->
<!--                <span t-esc="env.pos.format_currency_no_symbol(line.tax)" style="margin-left: 5px"/>)-->
                </div>
            <span style="font-size:12px">Amount/كمية:</span>
            <span t-esc="env.pos.format_currency_no_symbol(line.price_without_tax)" style="margin-left: 5px;font-size:12px"/>(
            <span style="font-size:12px">Taxes/الضرائب:</span>
            <span t-esc="env.pos.format_currency_no_symbol(line.tax)" style="margin-left: 5px;font-size:12px"/>)
         </xpath>
        <xpath expr="//t[@t-if='receipt.is_gcc_country']//div[hasclass('responsive-price')]"
               position="replace">
            <div class="responsive-price">
                    <div class="pos-receipt-left-padding" style="display: inline-flex;">
                        <div t-translation="off">Taxes/الضرائب</div>:
                        <span t-esc="env.pos.format_currency_no_symbol(line.tax)" style="margin-left: 5px"/>
                    </div>
                <span style="font-size:12px;">Amount/كمية:</span>
                <span t-esc="env.pos.format_currency_no_symbol(line.price_without_tax)" style="margin-left: 5px;font-size:12px;"/>(
                <span style="font-size:12px;">Taxes/الضرائب:</span>
                <span t-esc="env.pos.format_currency_no_symbol(line.tax)" style="margin-left: 5px;font-size:12px;"/>)
                <span t-esc="env.pos.format_currency_no_symbol(line.price_display)"
                      class="price_display pos-receipt-right-align"/>
                </div>
<!--            <div class="pos-receipt-left-padding" style="display: inline-flex;">-->
<!--                <span>Amount/كمية:</span>-->
<!--                <span t-esc="env.pos.format_currency_no_symbol(line.price_without_tax)" style="margin-left: 5px"/>(-->
<!--                <span>Taxes/الضرائب:</span>-->
<!--                <span t-esc="env.pos.format_currency_no_symbol(line.tax)" style="margin-left: 5px"/>)-->
<!--            </div>-->
        </xpath>
    </t>

</templates>