<?xml version="1.0" encoding="UTF-8"?>
<templates id="template" xml:space="preserve">
    <t t-inherit="point_of_sale.OrderReceipt" t-inherit-mode="extension" owl="1">
        <xpath expr="//span[@t-esc='env.pos.format_currency(receipt.total_tax)']/../.." position="after">
            <div t-if="receipt.is_gcc_country" t-translation="off">
                <span style="font-size:12px;">Base Amount /كمية أساسية
                <span t-esc="env.pos.format_currency(receipt.total_without_tax)" class="pos-receipt-right-align"/>
                </span>
            </div>
            <div t-if="receipt.is_gcc_country" t-translation="off">
                <span style="font-size:12px;">Total /اإلجمالي
                <span t-esc="env.pos.format_currency(receipt.total_with_tax)" class="pos-receipt-right-align"/>
                </span>
            </div>
        </xpath>
    </t>
</templates>