<?xml version="1.0" encoding="UTF-8"?>
<templates id="template" xml:space="preserve">
    <t t-name="OrderChangeReceiptCustom">
        <div class="pos-receipt">
<!--            <p style="-webkit-box-shadow:none!important;-moz-box-shadow:none!important;box-shadow:none;!important;font-size:150px;text-align:center;text-shadow:None !important;">Welcome</p>-->
            <div class="pos-receipt-order-data"><t t-esc="changes.name" /></div>
            <t t-if="changes.floor || changes.table">
                <br/>
                <div class="pos-receipt-title">
                    <t t-esc="changes.floor"/>
                    /
                    <t t-esc="changes.table"/>
                </div>
            </t>
            <br/>
            <br/>
            <t t-if="changes.cancelled.length > 0">
                <div class="pos-order-receipt-cancel">
                    <div class="pos-receipt-title">
                        CANCELLED
                        <t t-esc='changes.time.hours'/>:
                        <t t-esc='changes.time.minutes'/>
                        \                    </div>
                    <t t-foreach="changes.cancelled" t-as="change">
                        <div class="multiprint-flex">
<!--                            <span t-esc="change.name_wrapped[0]"/>-->
                            <span t-esc="change.name"/>
                            <t t-esc="change.qty"/>
<!--                            <t t-esc="change.price"/>-->
                            <t t-esc="change.ar_name"/>
                        </div>
<!--                        <t t-call="NameWrapped"/>-->
<!--                        <t t-if="change.note">-->
<!--                            <div>-->
<!--                                NOTE-->
<!--                                <span class="pos-receipt-right-align">...</span>-->
<!--                            </div>-->
<!--                            <div><span class="pos-receipt-left-padding">-&#45;&#45; <t t-esc="change.note"/></span></div>-->
<!--                            <br/>-->
<!--                        </t>-->
                    </t>

                </div>
            </t>
            <t t-if="changes.new.length > 0">
                <div class="pos-receipt-title">
                    NEW
                    <t t-esc='changes.time.hours'/>:
                    <t t-esc='changes.time.minutes'/>
                </div>
                <t t-foreach="changes.new" t-as="change">
                    <div class="multiprint-flex">

<!--                        <span t-esc="change.name_wrapped[0]"/>-->
                        <span t-esc="change.name"/>
                        <t t-esc="change.qty"/>
<!--                        <t t-esc="change.price"/>-->
<!--                        <t t-esc="change.ar_name"/>-->
                    </div>
<!--                    <t t-call="NameWrapped"/>-->
<!--                    <t t-if="change.note">-->
<!--                        <div>-->
<!--                            NOTE-->
<!--                            <span class="pos-receipt-right-align">...</span>-->
<!--                        </div>-->
<!--                        <div><span class="pos-receipt-left-padding">-&#45;&#45; <t t-esc="change.note"/></span></div>-->
<!--                        <br/>-->
<!--                    </t>-->
                </t>
            </t>
        </div>
    </t>

</templates>
